rentab_fondo,vp_rp,diferencia
-2.0,63705.03228353184,-36294.96771646822
-1.95,64053.829081181844,-35946.170918818214
-1.9,64403.80251636201,-35596.19748363805
-1.85,64754.95184421299,-35245.048155787066
-1.8,65107.27629331105,-34892.72370668901
-1.75,65460.77506572363,-34539.224934276426
-1.7,65815.44733707426,-34184.552662925795
-1.65,66171.29225660562,-33828.707743394436
-1.6,66528.30894724258,-33471.69105275748
-1.55,66886.49650566364,-33113.503494336415
-1.5,67245.85400236514,-32754.145997634914
-1.45,67606.3804817343,-32393.619518265754
-1.4,67968.0749621252,-32031.925037874855
-1.35,68330.93643592739,-31669.06356407267
-1.3,68694.96386964533,-31305.036130354725
-1.25,69060.1562039769,-30939.843796023153
-1.2,69426.51235389283,-30573.487646107227
-1.15,69794.03120871633,-30205.968791283725
-1.1,70162.71163220772,-29837.28836779234
-1.05,70532.55246265187,-29467.447537348184
-1.0,70903.5525129395,-29096.447487060563
-0.95,71275.71057066132,-28724.289429338736
-0.9,71649.02539819205,-28350.974601808004
-0.85,72023.49573279073,-27976.504267209326
-0.8,72399.12028668303,-27600.87971331703
-0.75,72775.89774716621,-27224.10225283385
-0.7,73153.82677670119,-26846.173223298872
-0.65,73532.90601300805,-26467.09398699201
-0.6,73913.13406917511,-26086.865930824948
-0.55,74294.50953374988,-25705.49046625018
-0.5,74677.03097084613,-25322.96902915393
-0.45,75060.69692025396,-24939.303079746096
-0.4,75445.50589753542,-24554.49410246464
-0.35,75831.45639414091,-24168.543605859144
-0.3,76218.54687751249,-23781.453122487568
-0.25,76606.77579119978,-23393.224208800282
-0.2,76996.14155496885,-23003.858445031205
-0.15,77386.64256491158,-22613.357435088474
-0.1,77778.27719357098,-22221.722806429083
-0.05,78171.04379004805,-21828.95620995201
0.0,78564.9406801259,-21435.059319874155
0.05,78959.96616638267,-21040.033833617388
0.1,79356.1185283207,-20643.881471679357
0.15,79753.3960224756,-20246.603977524457
0.2,80151.79688255572,-19848.20311744434
0.25,80551.31931955136,-19448.6806804487
0.3,80951.96152187379,-19048.03847812627
0.35,81353.72165546897,-18646.278344531092
0.4,81756.59786395698,-18243.402136043078
0.45,82160.58826876084,-17839.41173123922
0.5,82565.69096922701,-17434.309030773045
0.55,82971.90404277042,-17028.09595722964
0.6,83379.22554499812,-16620.77445500194
0.65,83787.6535098506,-16212.346490149459
0.7,84197.18594973431,-15802.814050265748
0.75,84607.8208556541,-15392.179144345951
0.8,85019.5561973625,-14980.443802637557
0.85,85432.38992348593,-14567.610076514131
0.9,85846.31996167502,-14153.680038325037
0.95,86261.34421873752,-13738.65578126254
1.0,86677.46058078467,-13322.53941921539
1.05,87094.66691337748,-12905.333086622573
1.1,87512.9610616675,-12487.038938332553
1.15,87932.34085053283,-12067.659149467232
1.2,88352.80408474525,-11647.195915254808
1.25,88774.34854909897,-11225.651450901089
1.3,89196.97200856579,-10803.027991434268
1.35,89620.6722084476,-10379.327791552452
1.4,90045.44687451632,-9954.55312548374
1.45,90471.29371317464,-9528.706286825414
1.5,90898.21041159991,-9101.789588400148
1.55,91326.19463790515,-8673.805362094907
1.6,91755.24404128484,-8244.755958715221
1.65,92185.35625216752,-7814.643747832539
1.7,92616.5288823819,-7383.471117618159
1.75,93048.75952530158,-6951.240474698483
1.8,93482.04575600218,-6517.954243997883
1.85,93916.38513142601,-6083.614868574048
1.9,94351.77519053286,-5648.224809467196
1.95,94788.21345446006,-5211.786545540002
2.0,95225.6974266834,-4774.302573316658
2.05,95664.22459317202,-4335.775406828034
2.1,96103.79242256093,-3896.207577439127
2.15,96544.39836629371,-3455.6016337063484
2.2,96986.03985879931,-3013.960141200747
2.25,97428.71431764803,-2571.285682352027
2.3,97872.41914371216,-2127.5808562878956
2.35,98317.15172133743,-1682.8482786626264
2.4,98762.90941849623,-1237.0905815038277
2.45,99209.68958696153,-790.3104130385327
2.5,99657.48956246376,-342.51043753630074
2.55,100106.30666485432,106.306664854259
2.6,100556.13819829168,556.1381982916209
2.65,101006.98145137318,1006.9814513731253
2.7,101458.8336973311,1458.833697331036
2.75,101911.69219419065,1911.6921941905894
2.8,102365.5541849248,2365.5541849247384
2.85,102820.4168976385,2820.416897638439
2.9,103276.27754572968,3276.277545729623
2.95,103733.13332805727,3733.1333280572144
3.0,104190.9814291102,4190.981429110136
3.05,104649.81901917137,4649.819019171307
3.1,105109.6432544968,5109.643254496739
3.15,105570.45127747583,5570.451277475775
3.2,106032.24021680713,6032.240216807069
3.25,106495.00718765706,6495.007187657
3.3,106958.7492918484,6958.749291848348
3.35,107423.46361800679,7423.463618006732
3.4,107889.14724175287,7889.147241752813
3.45,108355.79722585726,8355.797225857197
3.5,108823.41062041951,8823.410620419454
3.55,109291.98446302966,9291.9844630296
3.6,109761.51577895117,9761.515778951114
3.65,110232.00158127758,10232.001581277524
3.7,110703.43887111383,10703.438871113773
3.75,111175.82463774255,11175.824637742495
3.8,111649.15585879257,11649.15585879251
3.85,112123.42950041505,12123.42950041499
3.9,112598.64251744848,12598.642517448417
3.95,113074.79185359101,13074.791853590956
4.0,113551.87444157082,13551.874441570762
4.05,114029.88720331747,14029.887203317412
4.1,114508.82705013473,14508.82705013467
4.15,114988.69088285843,14988.69088285837
4.2,115469.47559204645,15469.475592046394
4.25,115951.17805812648,15951.178058126417
4.3,116433.79515158861,16433.79515158855
4.35,116917.3237331278,16917.32373312775
4.4,117401.7606538438,17401.76065384374
4.45,117887.10275538107,17887.102755381013
4.5,118373.34687012502,18373.346870124966
4.55,118860.48982133961,18860.48982133955
4.6,119348.52842336925,19348.528423369193
4.65,119837.45948178366,19837.459481783604
4.7,120327.27979355022,20327.27979355016
4.75,120817.98614720406,20817.986147204007
4.8,121309.57532302392,21309.575323023862
4.85,121802.04409317843,21802.044093178367
4.9,122295.38922191142,22295.389221911362
4.95,122789.60746569834,22789.607465698282
5.0,123284.69557341798,23284.69557341792
5.05,123780.65028650912,23780.65028650906
5.1,124277.46833914955,24277.46833914949
5.15,124775.14645840389,24775.146458403833
5.2,125273.68136440055,25273.681364400487
5.25,125773.06977049331,25773.069770493254
5.3,126273.3083834165,26273.308383416443
5.35,126774.39390346274,26774.393903462682
5.4,127276.32302462663,27276.323024626574
5.45,127779.0924347831,27779.092434783044
5.5,128282.69881584027,28282.69881584021
5.55,128787.13884390605,28787.138843905996
5.6,129292.40918943987,29292.409189439815
5.65,129798.50651742105,29798.50651742099
5.7,130305.42748750263,30305.427487502573
5.75,130813.16875417021,30813.168754170154
5.8,131321.72696691027,31321.72696691021
5.85,131831.0987703493,31831.09877034923
5.9,132341.2808044299,32341.280804429844
5.95,132852.26970455065,32852.26970455059
6.0,133364.06210173643,33364.062101736374
6.05,133876.65462278292,33876.654622782866
6.1,134390.04389041552,34390.04389041546
6.15,134904.2265234451,34904.226523445046
6.2,135419.19913691765,35419.199136917596
6.25,135934.95834226103,35934.95834226097
6.3,136451.50074745997,36451.50074745991
6.35,136968.82295717543,36968.822957175376
6.4,137486.92157291734,37486.92157291729
6.45,138005.79319319458,38005.79319319452
6.5,138525.43441364224,38525.434413642186
6.55,139045.84182720314,39045.84182720308
6.6,139567.01202424327,39567.01202424322
6.65,140088.94159272464,40088.94159272459
6.7,140611.627118331,40611.62711833094
6.75,141135.06518462743,41135.06518462737
6.8,141659.2523731954,41659.25237319534
6.85,142184.18526378897,42184.18526378891
6.9,142709.86043446304,42709.860434462986
6.95,143236.27446172835,43236.27446172829
7.0,143763.4239206835,43763.423920683446
7.05,144291.3053851626,44291.30538516253
7.1,144819.91542786793,44819.915427867876
7.15,145349.25062051858,45349.25062051852
7.2,145879.30753398302,45879.30753398297
7.25,146410.08273841662,46410.08273841656
7.3,146941.5728033974,46941.57280339734
7.35,147473.7742980637,47473.774298063654
7.4,148006.68379125302,48006.68379125296
7.45,148540.29785162813,48540.29785162807
7.5,149074.61304781816,49074.6130478181
7.55,149609.62594854165,49609.625948541594
7.6,150145.33312274545,50145.33312274539
7.65,150681.73113974195,50681.731139741896
7.7,151218.81656931553,51218.81656931547
7.75,151756.58598187676,51756.585981876706
7.8,152295.0359485787,52295.03594857865
7.85,152834.1630414431,52834.16304144304
7.9,153373.9638334947,53373.963833494636
7.95,153914.4348988728,53914.43489887274
8.0,154455.57281296366,54455.5728129636
8.05,154997.37415253685,54997.374152536795
8.1,155539.83549584018,55539.83549584012
8.15,156082.95342274217,56082.95342274211
8.2,156626.72451485004,56626.72451484998
8.25,157171.14535562205,57171.14535562199
8.3,157716.21253049021,57716.21253049016
8.35,158261.92262698335,58261.92262698329
8.4,158808.27223483555,58808.27223483549
8.45,159355.25794611208,59355.25794611202
8.5,159902.8763553057,59902.876355305634
8.55,160451.1240594782,60451.12405947814
8.6,160999.99765835688,60999.99765835682
8.65,161549.49375443952,61549.49375443946
8.7,162099.60895313002,62099.608953129966
8.75,162650.33986281973,62650.339862819674
8.8,163201.68309502656,63201.6830950265
8.85,163753.63526447187,63753.63526447181
8.9,164306.19298922434,64306.19298922428
8.95,164859.35289076943,64859.35289076937
9.0,165413.11159414053,65413.11159414047
9.05,165967.46572801488,65967.46572801482
9.1,166522.41192481926,66522.4119248192
9.15,167077.94682082714,67077.94682082708
9.2,167634.06705626976,67634.0670562697
9.25,168190.76927542806,68190.769275428
9.3,168748.05012673765,68748.0501267376
9.35,169305.90626288808,69305.90626288802
9.4,169864.33434091258,69864.33434091252
9.45,170423.33102230233,70423.33102230227
9.5,170982.89297308284,70982.89297308278
9.55,171543.01686392253,71543.01686392247
9.6,172103.69937021463,72103.69937021457
9.65,172664.93717218545,72664.9371721854
9.7,173226.72695497595,73226.7269549759
9.75,173789.0654087306,73789.06540873053
9.8,174351.94922870462,74351.94922870456
9.85,174915.37511532265,74915.37511532259
9.9,175479.33977430037,75479.33977430032
9.95,176043.839916714,76043.83991671394
10.0,176608.87225907823,76608.87225907817
10.05,177174.4335234552,77174.43352345514
10.1,177740.52043752148,77740.52043752142
10.15,178307.12973465378,78307.12973465372
10.2,178874.2581540147,78874.25815401465
10.25,179441.90244063232,79441.90244063226
10.3,180010.05934548963,80010.05934548957
10.35,180578.72562558035,80578.7256255803
10.4,181147.8980440175,81147.89804401743
10.45,181717.57337008833,81717.57337008827
10.5,182287.74837934203,82287.74837934197
10.55,182858.4198536608,82858.41985366074
10.6,183429.5845813432,83429.58458134314
10.65,184001.23935716716,84001.2393571671
10.7,184573.38098245728,84573.38098245722
10.75,185146.006265187,85146.00626518694
10.8,185719.11202001164,85719.11202001158
10.85,186292.69506836316,86292.6950683631
10.9,186866.7522385134,86866.75223851335
10.95,187441.28036563878,87441.28036563873
11.0,188016.27629189333,88016.27629189327
11.05,188591.73686646787,88591.7368664678
11.1,189167.65894566,89167.65894565993
11.15,189744.03939294067,89744.03939294061
11.2,190320.8750790124,90320.87507901233
11.25,190898.1628818735,90898.16288187343
11.3,191475.8996868914,91475.89968689135
11.35,192054.08238683443,92054.08238683437
11.4,192632.7078819726,92632.70788197254
11.45,193211.77308009638,93211.77308009632
11.5,193791.27489660634,93791.27489660628
11.55,194371.21025454794,94371.21025454788
11.6,194951.5760846824,94951.57608468234
11.65,195532.3693255364,95532.36932553633
11.7,196113.58692345745,96113.58692345739
11.75,196695.22583266578,96695.22583266572
11.8,197277.2830153152,97277.28301531513
11.85,197859.75544153407,97859.75544153401
11.9,198442.64008948373,98442.64008948367
11.95,199025.9339454,99025.93394539994
12.0,199609.6340036638,99609.63400366376
