anio,bono_nominal,inflacion,bono_real,rentab_fondo,pension_rv
2010,5.91,1.53,4.32,18.47,618.99
2011,6.1,3.37,2.65,4.14,537.04
2012,5.0,3.66,1.29,1.82,472.75
2013,4.89,2.8,2.03,1.8,506.48
2014,5.6,3.25,2.27,1.4,517.92
2015,6.21,3.54,2.57,4.72,532.11
2016,6.34,3.6,2.65,3.14,535.66
2017,5.68,2.81,2.8,8.31,543.02
2018,5.35,1.32,3.99,6.18,601.66
2019,4.75,2.14,2.56,2.98,531.68
2020,4.34,1.83,2.46,3.17,527.07
2021,5.31,3.97,1.3,10.99,473.91
2022,7.56,7.86,-0.28,-11.3,405.13
2023,7.3,6.31,0.96,-3.26,460.78
2024,6.81,2.35,4.36,6.34,620.61
2025,6.28,1.5,4.71,2.99,638.85
