mes,anio,afp,bono_nominal,inflacion,bono_real,rentab_real_fondo,pension_rv
2013-06,2013,Habitat,5.31946716260051,2.77073543850851,2.4800170138093325,0.0,527.5805325072355
2013-07,2013,Habitat,5.26015228899572,3.24112353098976,1.9556439226466882,0.0,502.9678995330397
2013-08,2013,Habitat,5.46271259667266,3.27656563830685,2.116788978074746,0.0,510.4674257412935
2013-09,2013,Habitat,5.60047619047619,2.8308406237713,2.6933899887468415,0.3264764705882352,537.7665919386089
2013-10,2013,Habitat,5.31727272727273,3.0384821880728,2.2115917187527367,0.6529529411764705,514.9061734288215
2013-11,2013,Habitat,5.467,2.95513866313524,2.439762958392455,0.9794294117647058,525.669865562645
2013-12,2013,Habitat,5.6055,2.85968115579219,2.6694802213599766,1.305905882352941,536.6203231888851
2014-01,2014,Habitat,5.72,3.06663136092894,2.574420648113751,1.6323823529411765,532.0751362929623
2014-02,2014,Habitat,6.4255,3.77632969464066,2.5527693195109613,1.9588588235294115,531.04260962801
2014-03,2014,Habitat,6.16490476190476,3.37792817164949,2.6959106644387054,2.2853352941176466,537.8875079298482
2014-04,2014,Habitat,5.951,3.52315457481135,2.345219709697055,2.611811764705882,521.1961568231164
2014-05,2014,Habitat,5.64095238095238,3.55564442643562,2.013707669984277,2.938288235294117,505.66351345326444
2014-06,2014,Habitat,5.37238095238095,3.44965289777902,1.8586123788175701,3.264764705882353,498.4799006542556
2014-07,2014,Habitat,5.177,3.33116382681631,1.7863305752341407,3.591241176470588,495.1502793509001
2014-08,2014,Habitat,5.19790476190476,2.68520888934139,2.4469891036314584,3.917717647058823,526.012597930524
2014-09,2014,Habitat,5.33545454545455,2.73826215785076,2.527969943284969,4.244194117647059,529.8611956201917
2014-10,2014,Habitat,5.35995454545454,3.08804046928228,2.2038580477715453,4.570670588235293,514.5433375398899
2014-11,2014,Habitat,5.43935,3.15910225000358,2.210418373426992,4.897147058823529,514.8511158769819
2014-12,2014,Habitat,5.35971428571429,3.22406118871739,2.068948917919866,5.223623529411764,508.23501410361973
2015-01,2015,Habitat,5.2966,3.07326326860977,2.157045057937279,5.5501,512.3498403132179
2015-02,2015,Habitat,5.2855,2.76858517072284,2.449109156359386,10.6028,526.1131723842927
2015-03,2015,Habitat,5.52668181818182,3.02019928834408,2.433001049456651,9.4776,525.3492540529262
2015-04,2015,Habitat,5.53809090909091,3.0174126785349,2.446846766013988,10.5509,526.0058458392325
2015-05,2015,Habitat,5.9019,3.36620186894155,2.453121122002222,9.1122,526.303525042157
2015-06,2015,Habitat,6.17166666666667,3.54491029740405,2.5368280891045147,6.9179,530.2830355577656
2015-07,2015,Habitat,6.47165,3.56292547971011,2.80865426195378,5.4156,543.3096269479363
2015-08,2015,Habitat,6.66319047619047,4.0426728422815,2.5186950337977354,3.6501,529.4196898676568
2015-09,2015,Habitat,7.23577272727273,3.90455488298777,3.206036393723477,-1.3433,562.6346408366296
2015-10,2015,Habitat,7.01072727272727,3.66020462128904,3.2322168991263167,2.0942,563.9194030037419
2015-11,2015,Habitat,6.69261904761905,4.17256708018865,2.4191128605773216,3.6394,524.6910651586096
2015-12,2015,Habitat,6.70786363636364,4.39792854166932,2.2126254102564413,2.9068,514.9546804229313
2016-01,2016,Habitat,7.02015,4.60868784321291,2.3052216852212037,-0.18,519.309330548523
2016-02,2016,Habitat,7.34585714285714,4.47375701506678,2.749111556671746,-2.531,540.4426991892481
2016-03,2016,Habitat,7.139,4.30108051334928,2.720891742140208,-0.3147,539.0865752249948
2016-04,2016,Habitat,6.54485714285714,3.9072132668403,2.5384607989083596,-0.9824,530.3608064152055
2016-05,2016,Habitat,6.26581818181818,3.54061765756533,2.632011075369256,0.7342,534.82645760438
2016-06,2016,Habitat,6.08436363636364,3.34161872071432,2.6540564678609435,1.5272,535.8815346831162
2016-07,2016,Habitat,5.75652380952381,2.96195894036733,2.7141722029346838,4.6844,538.7639130190637
2016-08,2016,Habitat,5.63617391304348,2.94253095758978,2.6166472986402622,8.6776,534.0917736243213
2016-09,2016,Habitat,5.79354545454546,3.12667111206595,2.586018062758444,13.7829,532.628617940379
2016-10,2016,Habitat,5.77085714285714,3.40528775471299,2.287667719426034,11.8286,518.4823581609311
2016-11,2016,Habitat,6.30986363636364,3.34963245522741,2.8642880587104402,6.7489,545.9951430124793
2016-12,2016,Habitat,6.44685714285714,3.23488195037019,3.11132742325515,7.5287,557.9988542222184
2017-01,2017,Habitat,6.35095454545454,3.09636415923956,3.15684303006849,10.5216,560.2244101168504
2017-02,2017,Habitat,6.26035,3.24979324559658,2.9157993055175746,9.8033,548.4874960428987
2017-03,2017,Habitat,6.09739130434783,3.97485445147011,2.041394396823537,7.6363,506.9514984339011
2017-04,2017,Habitat,5.87055555555556,3.69471572141791,2.0983131290732038,8.11,509.60466999065045
2017-05,2017,Habitat,5.71772727272727,3.03980253604198,2.5989226209440552,9.6708,533.2448220089841
2017-06,2017,Habitat,5.57905,2.73244391775147,2.7708929854015407,10.6836,541.4905812143817
2017-07,2017,Habitat,5.65947368421053,2.85206926625983,2.729555601533895,8.0892,539.5027428585743
2017-08,2017,Habitat,5.46204347826087,3.1738100701898,2.2178432748721555,5.9864,515.1995695853369
2017-09,2017,Habitat,5.34190476190476,2.94499513550225,2.328340123040995,7.3285,520.3994714771079
2017-10,2017,Habitat,5.26331818181818,2.04014312278334,3.1587323972649184,10.069,560.3168868747194
2017-11,2017,Habitat,5.2997619047619,1.5443382320383,3.698309268747302,12.468,587.0275433227498
2017-12,2017,Habitat,5.24947368421053,1.36485588371446,3.8323122611178873,12.264,593.7526778849189
2018-01,2018,Habitat,4.81809523809524,1.25318836941743,3.5207848030142097,15.4444,578.1739152360972
2018-02,2018,Habitat,4.7945,1.17956124835664,3.572795441136667,14.9384,580.7612170398432
2018-03,2018,Habitat,4.845,0.363136029353744,4.465647595283828,14.8011,626.0170245408121
2018-04,2018,Habitat,5.0242,0.48486988623302,4.517426473165864,12.453,628.689186053351
2018-05,2018,Habitat,5.47227272727273,0.930692513230167,4.4997018260300115,8.8915,627.7738914211625
2018-06,2018,Habitat,5.6626,1.42933403390647,4.173611121885523,6.6129,611.0423462482634
2018-07,2018,Habitat,5.48476190476191,1.61610098729974,3.807133790683115,6.1743,592.4863171687239
2018-08,2018,Habitat,5.4252380952381,1.07057542660273,4.308536535242835,5.9617,617.9404095532612
2018-09,2018,Habitat,5.5175,1.28028100935954,4.183656431846683,3.6555,611.5546934971261
2018-10,2018,Habitat,5.73181818181818,1.84089384430844,3.820591307317156,-1.4143,593.163010598492
2018-11,2018,Habitat,5.727,2.16709746401055,3.484392357572297,-3.2753,576.3668224474196
2018-12,2018,Habitat,5.74363157894737,2.1925231538682,3.4749199995114832,-3.9776,575.8969085356191
2019-01,2019,Habitat,5.58772727272727,2.12915785051415,3.3864662110260513,-6.284,571.5176595904503
2019-02,2019,Habitat,5.4945,2.00338485500231,3.422548330097386,-3.5287,573.3021116383077
2019-03,2019,Habitat,5.29923809523809,2.24744059848037,2.984717738551468,-2.6609,551.8308395150566
2019-04,2019,Habitat,5.2158,2.59264472909832,2.5568648491597568,-0.1293,531.2378433528934
2019-05,2019,Habitat,5.13735454545455,2.72512754617208,2.348234611048028,0.1542,521.3385198542314
2019-06,2019,Habitat,4.81719,2.29478053967056,2.4658242063007707,2.5938,526.9064681520821
2019-07,2019,Habitat,4.4401,2.11191328006436,2.2800343712589655,5.4708,518.1229586178349
2019-08,2019,Habitat,4.228985,2.03972339384534,2.14549935391799,4.4574,511.8095873568194
2019-09,2019,Habitat,4.15212380952381,1.85100693723761,2.259297125755655,5.851,517.147232810458
2019-10,2019,Habitat,4.07454285714286,1.88056226356924,2.1534830048323794,9.1555,512.1831315244373
2019-11,2019,Habitat,4.23969,1.86679694871124,2.3294077386996737,11.0591,520.4498425960754
2019-12,2019,Habitat,4.3559380952381,1.90009157916248,2.4100532963385657,13.2615,524.2619396171583
2020-01,2020,Habitat,4.50230909090909,1.88835605229068,2.5655071294671705,13.7019,531.6499388864607
2020-02,2020,Habitat,4.258095,1.90403776113918,2.310072584541434,12.015,519.5379762870414
2020-03,2020,Habitat,5.08725909090909,1.82153296943842,3.2073040212927006,-0.3735,562.6968146940715
2020-04,2020,Habitat,5.0255,1.72448975655499,3.245049693878932,-5.3474,564.5496683087002
2020-05,2020,Habitat,4.4295,1.7819197522911,2.601228444258452,-0.3459,533.3549647584366
2020-06,2020,Habitat,4.39,1.59873239164688,2.747344915282257,3.0388,540.3577521638347
2020-07,2020,Habitat,4.24045454545455,1.8616957242678,2.33528295820431,2.9391,520.727085419094
2020-08,2020,Habitat,4.06714285714286,1.68739824186658,2.340255190339313,6.2386,520.9617763105123
2020-09,2020,Habitat,4.18681818181818,1.81955390705632,2.3249603675564723,5.3575,520.240027771772
2020-10,2020,Habitat,4.20545454545454,1.72400036113651,2.439398937820436,5.8981,525.6526032433096
2020-11,2020,Habitat,4.01450476190476,2.14220969430481,1.833027769032447,7.6204,497.30002678346455
2020-12,2020,Habitat,3.63264285714286,1.97323222946074,1.627300215362526,12.424,487.86580667381554
2021-01,2021,Habitat,3.658,2.67554538350913,0.956853565102822,13.0458,457.78645316684697
2021-02,2021,Habitat,3.9115,2.4013422122209,1.4747441343584855,14.8401,480.931406539739
2021-03,2021,Habitat,4.68608695652174,2.59818523324116,2.035027928158817,23.7131,506.6551806951699
2021-04,2021,Habitat,5.09,2.38369772363027,2.6432941342624527,26.6028,535.3663269090055
2021-05,2021,Habitat,4.99,2.44745902560864,2.481799937815743,20.4762,527.6652403578025
2021-06,2021,Habitat,5.27323809523809,3.25460667105263,1.955003741979655,14.9148,502.9382207310418
2021-07,2021,Habitat,5.6647,3.81459906516264,1.7821201945557474,9.4667,494.95669010556827
2021-08,2021,Habitat,6.35523809523809,4.95280459648037,1.3362515695981125,3.5617,474.6819424132847
2021-09,2021,Habitat,6.34227272727273,5.22957455422953,1.0574006193190266,5.352,462.23178736428923
2021-10,2021,Habitat,5.9495,5.82600992647617,0.11669160881113694,3.703,421.5653574259451
2021-11,2021,Habitat,5.86571428571429,5.65514784662318,0.19929595801313482,2.6693,425.0527153114233
2021-12,2021,Habitat,5.92563636363636,6.43038716340725,-0.47425440536631447,-3.1892,397.094225697736
2022-01,2022,Habitat,6.07457142857143,5.68491659367423,0.3686948407172652,-6.0243,432.2550689998321
2022-02,2022,Habitat,6.071,6.1470442223465,-0.07164045207628256,-8.8462,413.675358598705
2022-03,2022,Habitat,6.59782608695652,6.82408900736014,-0.211808893018528,-5.3161,407.85834229529746
2022-04,2022,Habitat,7.37315789473684,7.96465277256915,-0.5478597509856353,-5.9681,394.10528435953654
2022-05,2022,Habitat,7.92363636363636,8.09113893196794,-0.15496419964360353,-11.5009,410.21171297435643
2022-06,2022,Habitat,7.858,8.81263294388897,-0.877318118367032,-14.3596,380.8884911682754
2022-07,2022,Habitat,8.21631578947368,8.74083491516008,-0.48235708884858397,-15.6259,396.7645502878338
2022-08,2022,Habitat,7.90872727272727,8.39798830340194,-0.45135619058285226,-11.6141,398.0267507558651
2022-09,2022,Habitat,8.30590909090909,8.52985253634929,-0.20634271604228482,-15.8061,408.08430396610396
2022-10,2022,Habitat,8.64571428571429,8.27519462737062,0.34220179388160243,-12.7723,431.12417191697557
2022-11,2022,Habitat,7.86476190476191,8.44722980234022,-0.5370979956241806,-12.4324,394.54147269614526
2022-12,2022,Habitat,7.8615,8.45916200000001,-0.5510479603373697,-12.9909,393.97611602560636
2023-01,2023,Habitat,7.95952380952381,8.66426700097408,-0.6485510010792894,-10.5944,390.0377839232235
2023-02,2023,Habitat,7.87935,8.64592356025242,-0.705570476215156,-12.9925,387.7453919618548
2023-03,2023,Habitat,7.71669565217391,8.40057400933134,-0.63088075262272,-12.7319,390.74980137590313
2023-04,2023,Habitat,7.48888888888889,7.9650458305066,-0.44102879589865696,-10.3913,398.44774784453773
2023-05,2023,Habitat,7.275,7.89388564823743,-0.5736058577546777,-8.4819,393.06290282137314
2023-06,2023,Habitat,7.07380952380952,6.46149699198863,0.5751492784916934,-0.4414,441.1246805009883
2023-07,2023,Habitat,6.7555,5.88160145590039,0.8253544828216386,0.5462,452.0080353858709
2023-08,2023,Habitat,6.84409090909091,5.57614720330122,1.2009755417083934,2.9654,468.6198537855744
2023-09,2023,Habitat,6.96857142857143,5.04454594794186,1.8316281566708836,2.8504,497.2355236013476
2023-10,2023,Habitat,7.62454545454545,4.34308132283159,3.144879459291783,-0.985,559.6390149041947
2023-11,2023,Habitat,7.17190476190476,3.63647512169549,3.411375807656314,0.1721,572.749286035493
2023-12,2023,Habitat,6.86847368421053,3.23738256432406,3.5172250881351452,7.7956,577.997036048714
2024-01,2024,Habitat,6.67952380952381,3.02392174826855,3.5483041212384103,7.131,579.5421963707361
2024-02,2024,Habitat,6.75380952380952,3.29406696032184,3.3494107312249444,10.1119,569.6878499761883
2024-03,2024,Habitat,7.00578947368421,3.04504592593905,3.8437010844673214,7.3956,594.3258986283435
2024-04,2024,Habitat,7.38204545454545,2.42207617792805,4.84267597544199,7.968,645.5904032582821
2024-05,2024,Habitat,7.09540909090909,2.00493835958688,4.99041596729104,11.0767,653.3328164502897
2024-06,2024,Habitat,7.08842105263158,2.28538225698791,4.695723562508891,8.8557,637.929539232112
2024-07,2024,Habitat,6.9725,2.1276637869709,4.743901929583938,5.7433,640.4367018438958
2024-08,2024,Habitat,6.5835,2.03409700303861,4.458708540171541,5.9046,625.6593085120741
2024-09,2024,Habitat,6.36185714285714,1.77501053596859,4.506849552491565,9.2972,628.1429255007585
2024-10,2024,Habitat,6.52246818181818,2.00918040984485,4.424393720094777,10.0623,623.8916957209349
2024-11,2024,Habitat,6.669,2.27199072148831,4.299328924266077,8.3915,617.4685481503996
2024-12,2024,Habitat,6.62515789473684,1.96630270142824,4.569014537038174,3.2652,631.356577895845
2025-01,2025,Habitat,6.69,1.85158283440667,4.750458491607112,2.1309,640.7782364811031
2025-02,2025,Habitat,6.4725,1.4773290589483,4.922450154506919,0.8192,649.7660081689404
2025-03,2025,Habitat,6.4852380952381,1.27718026977924,5.1423803581278404,1.7406,661.3385021649415
2025-04,2025,Habitat,6.604,1.65183401740204,4.871693689019141,2.5564,647.1079058629163
2025-05,2025,Habitat,6.48666666666667,1.68666289219268,4.720386762581552,1.8949,639.2124476213136
2025-06,2025,Habitat,6.41190476190476,1.69370904576716,4.639614151563887,3.76,635.0151537545343
2025-07,2025,Habitat,6.18745,1.6888009685144,4.423937531605371,5.9544,623.8682118934797
2025-08,2025,Habitat,6.01696,1.10633077531991,4.856895890715851,7.6043,646.3338486559736
2025-09,2025,Habitat,6.12590909090909,1.35839342135424,4.703621978039774,7.6262,638.3402675939587
2025-10,2025,Habitat,6.10583636363637,1.35177475650182,4.690654523372895,7.259,637.6660040868566
2025-11,2025,Habitat,6.00445,1.36861256988846,4.573247391459945,7.2181,631.575664596137
2025-12,2025,Habitat,5.82715789473684,1.50879973918667,4.254171231110626,10.6273,615.1567325361268
2010-01,2010,Integra,5.75655,0.435718739101945,5.297747980197931,29.5137,669.5668900732202
2010-02,2010,Integra,6.09765,0.835043257655835,5.219025620782491,25.0676,665.3922397977386
2010-03,2010,Integra,6.0925652173913,0.755260569305348,5.297296258208406,27.5592,669.5429034036719
2010-04,2010,Integra,5.9814,0.76165337907765,5.180290761292916,21.781,663.3422370108256
2010-05,2010,Integra,6.16133333333333,1.04478015205456,5.063649179679808,14.1865,657.1855655234897
2010-06,2010,Integra,6.3284,1.64340671777881,4.609244646068822,10.8518,633.4402052536185
2010-07,2010,Integra,6.00815789473684,1.82325129296416,4.109971493379172,11.4005,607.8010728929477
2010-08,2010,Integra,5.6217619047619,2.30885508267747,3.23814279751955,11.6166,564.2104031008042
2010-09,2010,Integra,5.73390909090909,2.36535673314101,3.290715204118966,10.8828,566.7952299378175
2010-10,2010,Integra,5.49245,2.0950876960611,3.327645218399633,12.9454,568.6143789886795
2010-11,2010,Integra,5.70457142857143,2.21771157289207,3.4112090771987846,13.4513,572.7410380113749
2010-12,2010,Integra,5.89795,2.07644423190308,3.7437685029613865,14.0775,589.304946490308
2011-01,2011,Integra,5.84628571428571,2.17264229393742,3.5955255123770957,13.2927,581.8936626248199
2011-02,2011,Integra,6.01595,2.23355858855512,3.6997552111702747,16.2652,587.0999177468045
2011-03,2011,Integra,6.35333612040134,2.66342558533546,3.594182167629678,10.652,581.8267061041295
2011-04,2011,Integra,6.94410092633545,3.33627077586349,3.4913492846063043,4.3676,576.7120649787062
2011-05,2011,Integra,6.72250202228567,3.06661988654443,3.5471058813858924,8.5064,579.4825869338767
2011-06,2011,Integra,6.45763825900731,2.91065322504482,3.446664580202352,6.4827,574.4962744264232
2011-07,2011,Integra,6.23626241920591,3.35053580984407,2.792173825466482,6.8031,542.5153547391635
2011-08,2011,Integra,5.92853521749067,3.34775576236666,2.4971799688211282,2.3936,528.3962403765286
2011-09,2011,Integra,5.62017803787122,3.72632873848609,1.8258134867183973,-1.93,496.9675928281465
2011-10,2011,Integra,5.72483222108669,4.20058635305765,1.4627997033188622,-9.7804,480.39069802196786
2011-11,2011,Integra,5.66734322961868,4.64185930799761,0.9799939798496027,-9.7759,458.8074541466436
2011-12,2011,Integra,5.6953293398377,4.73842084248362,0.9136174573351363,-11.0815,455.8821147660828
2012-01,2012,Integra,5.6877609398031,4.22536434603765,1.403110080680725,-7.2652,477.6934809587005
2012-02,2012,Integra,5.55203643226112,4.16575394297844,1.3308428507526004,-2.8265,474.4387603550535
2012-03,2012,Integra,5.40746192764249,4.23148743233747,1.1282334391211846,-1.0564,465.3774194214023
2012-04,2012,Integra,5.31709184145608,4.07684685836829,1.1916627189672235,1.8744,468.20406226771644
2012-05,2012,Integra,5.1611689535073,4.14239616822717,0.978249802927933,-1.3075,458.7304544094245
2012-06,2012,Integra,5.14383563093637,4.00107094984338,1.0988008783525904,0.6305,464.06893816189427
2012-07,2012,Integra,5.02354166666667,3.27611476932365,1.6919951929311505,0.3866,490.82234715120444
2012-08,2012,Integra,4.85419437482595,3.52598073623202,1.2829761468070577,0.8037,472.2895301495594
2012-09,2012,Integra,4.67659618205868,3.74113621145945,0.9017252025199207,3.3348,455.3590794985138
2012-10,2012,Integra,4.55363674242424,3.24663026597157,1.2659071517256537,7.3621,471.5243930911867
2012-11,2012,Integra,4.45981283452211,2.66179188790001,1.751402263254298,6.3614,493.5455092482584
2012-12,2012,Integra,4.16331561657297,2.64936888071586,1.4748719377090547,8.4508,480.93719377682424
2013-01,2013,Integra,4.06750469795356,2.87207608956733,1.1620535463340076,8.3833,466.8834179415484
2013-02,2013,Integra,4.15190764118355,2.44956221835028,1.6616424570024657,4.5887,489.43406459825326
2013-03,2013,Integra,4.14838614187719,2.59182460056487,1.5172374088994856,4.2507,482.85764165647635
2013-04,2013,Integra,4.05634051937754,2.3069499256289,1.7099430635165502,3.9827,491.6442256380214
2013-05,2013,Integra,4.20181818181818,2.46477298011905,1.6952608698368676,6.6483,490.9718369641294
2013-06,2013,Integra,5.31946716260051,2.77073543850851,2.4800170138093325,2.5519,527.5805325072355
2013-07,2013,Integra,5.26015228899572,3.24112353098976,1.9556439226466882,0.5425,502.9678995330397
2013-08,2013,Integra,5.46271259667266,3.27656563830685,2.116788978074746,0.9448,510.4674257412935
2013-09,2013,Integra,5.60047619047619,2.8308406237713,2.6933899887468415,-0.907,537.7665919386089
2013-10,2013,Integra,5.31727272727273,3.0384821880728,2.2115917187527367,-0.6531,514.9061734288215
2013-11,2013,Integra,5.467,2.95513866313524,2.439762958392455,-0.1194,525.669865562645
2013-12,2013,Integra,5.6055,2.85968115579219,2.6694802213599766,-1.702,536.6203231888851
2014-01,2014,Integra,5.72,3.06663136092894,2.574420648113751,-3.4685,532.0751362929623
2014-02,2014,Integra,6.4255,3.77632969464066,2.5527693195109613,-5.369,531.04260962801
2014-03,2014,Integra,6.16490476190476,3.37792817164949,2.6959106644387054,-4.2655,537.8875079298482
2014-04,2014,Integra,5.951,3.52315457481135,2.345219709697055,-3.3281,521.1961568231164
2014-05,2014,Integra,5.64095238095238,3.55564442643562,2.013707669984277,-2.4121,505.66351345326444
2014-06,2014,Integra,5.37238095238095,3.44965289777902,1.8586123788175701,3.0085,498.4799006542556
2014-07,2014,Integra,5.177,3.33116382681631,1.7863305752341407,4.6393,495.1502793509001
2014-08,2014,Integra,5.19790476190476,2.68520888934139,2.4469891036314584,5.3782,526.012597930524
2014-09,2014,Integra,5.33545454545455,2.73826215785076,2.527969943284969,6.6759,529.8611956201917
2014-10,2014,Integra,5.35995454545454,3.08804046928228,2.2038580477715453,3.5717,514.5433375398899
2014-11,2014,Integra,5.43935,3.15910225000358,2.210418373426992,4.7619,514.8511158769819
2014-12,2014,Integra,5.35971428571429,3.22406118871739,2.068948917919866,5.4571,508.23501410361973
2015-01,2015,Integra,5.2966,3.07326326860977,2.157045057937279,4.9837,512.3498403132179
2015-02,2015,Integra,5.2855,2.76858517072284,2.449109156359386,9.5732,526.1131723842927
2015-03,2015,Integra,5.52668181818182,3.02019928834408,2.433001049456651,8.0514,525.3492540529262
2015-04,2015,Integra,5.53809090909091,3.0174126785349,2.446846766013988,8.7067,526.0058458392325
2015-05,2015,Integra,5.9019,3.36620186894155,2.453121122002222,7.3719,526.303525042157
2015-06,2015,Integra,6.17166666666667,3.54491029740405,2.5368280891045147,5.3229,530.2830355577656
2015-07,2015,Integra,6.47165,3.56292547971011,2.80865426195378,4.0585,543.3096269479363
2015-08,2015,Integra,6.66319047619047,4.0426728422815,2.5186950337977354,2.0379,529.4196898676568
2015-09,2015,Integra,7.23577272727273,3.90455488298777,3.206036393723477,-3.2336,562.6346408366296
2015-10,2015,Integra,7.01072727272727,3.66020462128904,3.2322168991263167,0.551,563.9194030037419
2015-11,2015,Integra,6.69261904761905,4.17256708018865,2.4191128605773216,1.7211,524.6910651586096
2015-12,2015,Integra,6.70786363636364,4.39792854166932,2.2126254102564413,0.9484,514.9546804229313
2016-01,2016,Integra,7.02015,4.60868784321291,2.3052216852212037,-2.2153,519.309330548523
2016-02,2016,Integra,7.34585714285714,4.47375701506678,2.749111556671746,-4.0687,540.4426991892481
2016-03,2016,Integra,7.139,4.30108051334928,2.720891742140208,-1.3172,539.0865752249948
2016-04,2016,Integra,6.54485714285714,3.9072132668403,2.5384607989083596,-1.7704,530.3608064152055
2016-05,2016,Integra,6.26581818181818,3.54061765756533,2.632011075369256,0.1187,534.82645760438
2016-06,2016,Integra,6.08436363636364,3.34161872071432,2.6540564678609435,0.4679,535.8815346831162
2016-07,2016,Integra,5.75652380952381,2.96195894036733,2.7141722029346838,3.2736,538.7639130190637
2016-08,2016,Integra,5.63617391304348,2.94253095758978,2.6166472986402622,7.1898,534.0917736243213
2016-09,2016,Integra,5.79354545454546,3.12667111206595,2.586018062758444,12.5593,532.628617940379
2016-10,2016,Integra,5.77085714285714,3.40528775471299,2.287667719426034,10.1917,518.4823581609311
2016-11,2016,Integra,6.30986363636364,3.34963245522741,2.8642880587104402,5.5307,545.9951430124793
2016-12,2016,Integra,6.44685714285714,3.23488195037019,3.11132742325515,6.8675,557.9988542222184
2017-01,2017,Integra,6.35095454545454,3.09636415923956,3.15684303006849,10.1253,560.2244101168504
2017-02,2017,Integra,6.26035,3.24979324559658,2.9157993055175746,9.0965,548.4874960428987
2017-03,2017,Integra,6.09739130434783,3.97485445147011,2.041394396823537,6.6264,506.9514984339011
2017-04,2017,Integra,5.87055555555556,3.69471572141791,2.0983131290732038,7.09,509.60466999065045
2017-05,2017,Integra,5.71772727272727,3.03980253604198,2.5989226209440552,8.3062,533.2448220089841
2017-06,2017,Integra,5.57905,2.73244391775147,2.7708929854015407,9.2843,541.4905812143817
2017-07,2017,Integra,5.65947368421053,2.85206926625983,2.729555601533895,7.1166,539.5027428585743
2017-08,2017,Integra,5.46204347826087,3.1738100701898,2.2178432748721555,5.2065,515.1995695853369
2017-09,2017,Integra,5.34190476190476,2.94499513550225,2.328340123040995,6.3068,520.3994714771079
2017-10,2017,Integra,5.26331818181818,2.04014312278334,3.1587323972649184,9.2799,560.3168868747194
2017-11,2017,Integra,5.2997619047619,1.5443382320383,3.698309268747302,11.433,587.0275433227498
2017-12,2017,Integra,5.24947368421053,1.36485588371446,3.8323122611178873,11.053,593.7526778849189
2018-01,2018,Integra,4.81809523809524,1.25318836941743,3.5207848030142097,13.8367,578.1739152360972
2018-02,2018,Integra,4.7945,1.17956124835664,3.572795441136667,13.2626,580.7612170398432
2018-03,2018,Integra,4.845,0.363136029353744,4.465647595283828,12.9373,626.0170245408121
2018-04,2018,Integra,5.0242,0.48486988623302,4.517426473165864,11.011,628.689186053351
2018-05,2018,Integra,5.47227272727273,0.930692513230167,4.4997018260300115,7.979,627.7738914211625
2018-06,2018,Integra,5.6626,1.42933403390647,4.173611121885523,5.6406,611.0423462482634
2018-07,2018,Integra,5.48476190476191,1.61610098729974,3.807133790683115,5.253,592.4863171687239
2018-08,2018,Integra,5.4252380952381,1.07057542660273,4.308536535242835,5.4054,617.9404095532612
2018-09,2018,Integra,5.5175,1.28028100935954,4.183656431846683,3.0936,611.5546934971261
2018-10,2018,Integra,5.73181818181818,1.84089384430844,3.820591307317156,-1.8036,593.163010598492
2018-11,2018,Integra,5.727,2.16709746401055,3.484392357572297,-2.399,576.3668224474196
2018-12,2018,Integra,5.74363157894737,2.1925231538682,3.4749199995114832,-3.0118,575.8969085356191
2019-01,2019,Integra,5.58772727272727,2.12915785051415,3.3864662110260513,-5.5191,571.5176595904503
2019-02,2019,Integra,5.4945,2.00338485500231,3.422548330097386,-2.7522,573.3021116383077
2019-03,2019,Integra,5.29923809523809,2.24744059848037,2.984717738551468,-1.7254,551.8308395150566
2019-04,2019,Integra,5.2158,2.59264472909832,2.5568648491597568,0.1229,531.2378433528934
2019-05,2019,Integra,5.13735454545455,2.72512754617208,2.348234611048028,-0.4461,521.3385198542314
2019-06,2019,Integra,4.81719,2.29478053967056,2.4658242063007707,1.9033,526.9064681520821
2019-07,2019,Integra,4.4401,2.11191328006436,2.2800343712589655,3.9929,518.1229586178349
2019-08,2019,Integra,4.228985,2.03972339384534,2.14549935391799,3.0343,511.8095873568194
2019-09,2019,Integra,4.15212380952381,1.85100693723761,2.259297125755655,4.5537,517.147232810458
2019-10,2019,Integra,4.07454285714286,1.88056226356924,2.1534830048323794,7.4333,512.1831315244373
2019-11,2019,Integra,4.23969,1.86679694871124,2.3294077386996737,8.0871,520.4498425960754
2019-12,2019,Integra,4.3559380952381,1.90009157916248,2.4100532963385657,10.0464,524.2619396171583
2020-01,2020,Integra,4.50230909090909,1.88835605229068,2.5655071294671705,10.0033,531.6499388864607
2020-02,2020,Integra,4.258095,1.90403776113918,2.310072584541434,8.622,519.5379762870414
2020-03,2020,Integra,5.08725909090909,1.82153296943842,3.2073040212927006,-3.2129,562.6968146940715
2020-04,2020,Integra,5.0255,1.72448975655499,3.245049693878932,-7.1135,564.5496683087002
2020-05,2020,Integra,4.4295,1.7819197522911,2.601228444258452,-3.1779,533.3549647584366
2020-06,2020,Integra,4.39,1.59873239164688,2.747344915282257,-0.2418,540.3577521638347
2020-07,2020,Integra,4.24045454545455,1.8616957242678,2.33528295820431,-0.1257,520.727085419094
2020-08,2020,Integra,4.06714285714286,1.68739824186658,2.340255190339313,3.1678,520.9617763105123
2020-09,2020,Integra,4.18681818181818,1.81955390705632,2.3249603675564723,1.9266,520.240027771772
2020-10,2020,Integra,4.20545454545454,1.72400036113651,2.439398937820436,2.1973,525.6526032433096
2020-11,2020,Integra,4.01450476190476,2.14220969430481,1.833027769032447,3.7866,497.30002678346455
2020-12,2020,Integra,3.63264285714286,1.97323222946074,1.627300215362526,7.6509,487.86580667381554
2021-01,2021,Integra,3.658,2.67554538350913,0.956853565102822,8.6065,457.78645316684697
2021-02,2021,Integra,3.9115,2.4013422122209,1.4747441343584855,9.7357,480.931406539739
2021-03,2021,Integra,4.68608695652174,2.59818523324116,2.035027928158817,19.3514,506.6551806951699
2021-04,2021,Integra,5.09,2.38369772363027,2.6432941342624527,21.7927,535.3663269090055
2021-05,2021,Integra,4.99,2.44745902560864,2.481799937815743,19.9782,527.6652403578025
2021-06,2021,Integra,5.27323809523809,3.25460667105263,1.955003741979655,15.5665,502.9382207310418
2021-07,2021,Integra,5.6647,3.81459906516264,1.7821201945557474,10.8805,494.95669010556827
2021-08,2021,Integra,6.35523809523809,4.95280459648037,1.3362515695981125,5.7496,474.6819424132847
2021-09,2021,Integra,6.34227272727273,5.22957455422953,1.0574006193190266,7.7466,462.23178736428923
2021-10,2021,Integra,5.9495,5.82600992647617,0.11669160881113694,7.4078,421.5653574259451
2021-11,2021,Integra,5.86571428571429,5.65514784662318,0.19929595801313482,6.4523,425.0527153114233
2021-12,2021,Integra,5.92563636363636,6.43038716340725,-0.47425440536631447,1.2205,397.094225697736
2022-01,2022,Integra,6.07457142857143,5.68491659367423,0.3686948407172652,-1.5146,432.2550689998321
2022-02,2022,Integra,6.071,6.1470442223465,-0.07164045207628256,-4.7876,413.675358598705
2022-03,2022,Integra,6.59782608695652,6.82408900736014,-0.211808893018528,-4.242,407.85834229529746
2022-04,2022,Integra,7.37315789473684,7.96465277256915,-0.5478597509856353,-6.2246,394.10528435953654
2022-05,2022,Integra,7.92363636363636,8.09113893196794,-0.15496419964360353,-12.7299,410.21171297435643
2022-06,2022,Integra,7.858,8.81263294388897,-0.877318118367032,-15.0144,380.8884911682754
2022-07,2022,Integra,8.21631578947368,8.74083491516008,-0.48235708884858397,-14.6607,396.7645502878338
2022-08,2022,Integra,7.90872727272727,8.39798830340194,-0.45135619058285226,-12.5754,398.0267507558651
2022-09,2022,Integra,8.30590909090909,8.52985253634929,-0.20634271604228482,-16.3814,408.08430396610396
2022-10,2022,Integra,8.64571428571429,8.27519462737062,0.34220179388160243,-13.8551,431.12417191697557
2022-11,2022,Integra,7.86476190476191,8.44722980234022,-0.5370979956241806,-13.4861,394.54147269614526
2022-12,2022,Integra,7.8615,8.45916200000001,-0.5510479603373697,-13.521,393.97611602560636
2023-01,2023,Integra,7.95952380952381,8.66426700097408,-0.6485510010792894,-10.2893,390.0377839232235
2023-02,2023,Integra,7.87935,8.64592356025242,-0.705570476215156,-11.5392,387.7453919618548
2023-03,2023,Integra,7.71669565217391,8.40057400933134,-0.63088075262272,-10.1102,390.74980137590313
2023-04,2023,Integra,7.48888888888889,7.9650458305066,-0.44102879589865696,-7.5397,398.44774784453773
2023-05,2023,Integra,7.275,7.89388564823743,-0.5736058577546777,-5.3306,393.06290282137314
2023-06,2023,Integra,7.07380952380952,6.46149699198863,0.5751492784916934,-0.6494,441.1246805009883
2023-07,2023,Integra,6.7555,5.88160145590039,0.8253544828216386,-0.2016,452.0080353858709
2023-08,2023,Integra,6.84409090909091,5.57614720330122,1.2009755417083934,2.2245,468.6198537855744
2023-09,2023,Integra,6.96857142857143,5.04454594794186,1.8316281566708836,2.4471,497.2355236013476
2023-10,2023,Integra,7.62454545454545,4.34308132283159,3.144879459291783,-0.3663,559.6390149041947
2023-11,2023,Integra,7.17190476190476,3.63647512169549,3.411375807656314,-0.8673,572.749286035493
2023-12,2023,Integra,6.86847368421053,3.23738256432406,3.5172250881351452,5.5771,577.997036048714
2024-01,2024,Integra,6.67952380952381,3.02392174826855,3.5483041212384103,4.586,579.5421963707361
2024-02,2024,Integra,6.75380952380952,3.29406696032184,3.3494107312249444,6.6631,569.6878499761883
2024-03,2024,Integra,7.00578947368421,3.04504592593905,3.8437010844673214,4.7592,594.3258986283435
2024-04,2024,Integra,7.38204545454545,2.42207617792805,4.84267597544199,4.1312,645.5904032582821
2024-05,2024,Integra,7.09540909090909,2.00493835958688,4.99041596729104,6.6868,653.3328164502897
2024-06,2024,Integra,7.08842105263158,2.28538225698791,4.695723562508891,5.7489,637.929539232112
2024-07,2024,Integra,6.9725,2.1276637869709,4.743901929583938,3.9556,640.4367018438958
2024-08,2024,Integra,6.5835,2.03409700303861,4.458708540171541,4.7012,625.6593085120741
2024-09,2024,Integra,6.36185714285714,1.77501053596859,4.506849552491565,7.4734,628.1429255007585
2024-10,2024,Integra,6.52246818181818,2.00918040984485,4.424393720094777,7.7124,623.8916957209349
2024-11,2024,Integra,6.669,2.27199072148831,4.299328924266077,6.8864,617.4685481503996
2024-12,2024,Integra,6.62515789473684,1.96630270142824,4.569014537038174,2.9693,631.356577895845
2025-01,2025,Integra,6.69,1.85158283440667,4.750458491607112,1.9713,640.7782364811031
2025-02,2025,Integra,6.4725,1.4773290589483,4.922450154506919,0.0457,649.7660081689404
2025-03,2025,Integra,6.4852380952381,1.27718026977924,5.1423803581278404,0.4699,661.3385021649415
2025-04,2025,Integra,6.604,1.65183401740204,4.871693689019141,0.8919,647.1079058629163
2025-05,2025,Integra,6.48666666666667,1.68666289219268,4.720386762581552,-0.0418,639.2124476213136
2025-06,2025,Integra,6.41190476190476,1.69370904576716,4.639614151563887,1.4351,635.0151537545343
2025-07,2025,Integra,6.18745,1.6888009685144,4.423937531605371,3.3485,623.8682118934797
2025-08,2025,Integra,6.01696,1.10633077531991,4.856895890715851,4.22,646.3338486559736
2025-09,2025,Integra,6.12590909090909,1.35839342135424,4.703621978039774,5.1998,638.3402675939587
2025-10,2025,Integra,6.10583636363637,1.35177475650182,4.690654523372895,4.854,637.6660040868566
2025-11,2025,Integra,6.00445,1.36861256988846,4.573247391459945,4.4876,631.575664596137
2025-12,2025,Integra,5.82715789473684,1.50879973918667,4.254171231110626,8.9353,615.1567325361268
2010-01,2010,Prima,5.75655,0.435718739101945,5.297747980197931,29.9311,669.5668900732202
2010-02,2010,Prima,6.09765,0.835043257655835,5.219025620782491,26.9829,665.3922397977386
2010-03,2010,Prima,6.0925652173913,0.755260569305348,5.297296258208406,30.1461,669.5429034036719
2010-04,2010,Prima,5.9814,0.76165337907765,5.180290761292916,25.8986,663.3422370108256
2010-05,2010,Prima,6.16133333333333,1.04478015205456,5.063649179679808,18.0826,657.1855655234897
2010-06,2010,Prima,6.3284,1.64340671777881,4.609244646068822,14.096,633.4402052536185
2010-07,2010,Prima,6.00815789473684,1.82325129296416,4.109971493379172,14.3702,607.8010728929477
2010-08,2010,Prima,5.6217619047619,2.30885508267747,3.23814279751955,13.586,564.2104031008042
2010-09,2010,Prima,5.73390909090909,2.36535673314101,3.290715204118966,13.1229,566.7952299378175
2010-10,2010,Prima,5.49245,2.0950876960611,3.327645218399633,15.7982,568.6143789886795
2010-11,2010,Prima,5.70457142857143,2.21771157289207,3.4112090771987846,16.9963,572.7410380113749
2010-12,2010,Prima,5.89795,2.07644423190308,3.7437685029613865,18.6425,589.304946490308
2011-01,2011,Prima,5.84628571428571,2.17264229393742,3.5955255123770957,16.776,581.8936626248199
2011-02,2011,Prima,6.01595,2.23355858855512,3.6997552111702747,19.4187,587.0999177468045
2011-03,2011,Prima,6.35333612040134,2.66342558533546,3.594182167629678,13.7245,581.8267061041295
2011-04,2011,Prima,6.94410092633545,3.33627077586349,3.4913492846063043,6.797,576.7120649787062
2011-05,2011,Prima,6.72250202228567,3.06661988654443,3.5471058813858924,10.8862,579.4825869338767
2011-06,2011,Prima,6.45763825900731,2.91065322504482,3.446664580202352,8.6968,574.4962744264232
2011-07,2011,Prima,6.23626241920591,3.35053580984407,2.792173825466482,8.0445,542.5153547391635
2011-08,2011,Prima,5.92853521749067,3.34775576236666,2.4971799688211282,3.5257,528.3962403765286
2011-09,2011,Prima,5.62017803787122,3.72632873848609,1.8258134867183973,-0.7,496.9675928281465
2011-10,2011,Prima,5.72483222108669,4.20058635305765,1.4627997033188622,-8.8938,480.39069802196786
2011-11,2011,Prima,5.66734322961868,4.64185930799761,0.9799939798496027,-9.2246,458.8074541466436
2011-12,2011,Prima,5.6953293398377,4.73842084248362,0.9136174573351363,-11.3351,455.8821147660828
2012-01,2012,Prima,5.6877609398031,4.22536434603765,1.403110080680725,-7.682,477.6934809587005
2012-02,2012,Prima,5.55203643226112,4.16575394297844,1.3308428507526004,-3.2175,474.4387603550535
2012-03,2012,Prima,5.40746192764249,4.23148743233747,1.1282334391211846,-0.9194,465.3774194214023
2012-04,2012,Prima,5.31709184145608,4.07684685836829,1.1916627189672235,1.8609,468.20406226771644
2012-05,2012,Prima,5.1611689535073,4.14239616822717,0.978249802927933,-1.2538,458.7304544094245
2012-06,2012,Prima,5.14383563093637,4.00107094984338,1.0988008783525904,0.705,464.06893816189427
2012-07,2012,Prima,5.02354166666667,3.27611476932365,1.6919951929311505,0.9445,490.82234715120444
2012-08,2012,Prima,4.85419437482595,3.52598073623202,1.2829761468070577,1.8062,472.2895301495594
2012-09,2012,Prima,4.67659618205868,3.74113621145945,0.9017252025199207,4.4546,455.3590794985138
2012-10,2012,Prima,4.55363674242424,3.24663026597157,1.2659071517256537,8.5003,471.5243930911867
2012-11,2012,Prima,4.45981283452211,2.66179188790001,1.751402263254298,7.2574,493.5455092482584
2012-12,2012,Prima,4.16331561657297,2.64936888071586,1.4748719377090547,9.4579,480.93719377682424
2013-01,2013,Prima,4.06750469795356,2.87207608956733,1.1620535463340076,9.0474,466.8834179415484
2013-02,2013,Prima,4.15190764118355,2.44956221835028,1.6616424570024657,5.1673,489.43406459825326
2013-03,2013,Prima,4.14838614187719,2.59182460056487,1.5172374088994856,4.2026,482.85764165647635
2013-04,2013,Prima,4.05634051937754,2.3069499256289,1.7099430635165502,3.3126,491.6442256380214
2013-05,2013,Prima,4.20181818181818,2.46477298011905,1.6952608698368676,5.1411,490.9718369641294
2013-06,2013,Prima,5.31946716260051,2.77073543850851,2.4800170138093325,0.2378,527.5805325072355
2013-07,2013,Prima,5.26015228899572,3.24112353098976,1.9556439226466882,-2.4013,502.9678995330397
2013-08,2013,Prima,5.46271259667266,3.27656563830685,2.116788978074746,-2.6649,510.4674257412935
2013-09,2013,Prima,5.60047619047619,2.8308406237713,2.6933899887468415,-4.3503,537.7665919386089
2013-10,2013,Prima,5.31727272727273,3.0384821880728,2.2115917187527367,-3.8284,514.9061734288215
2013-11,2013,Prima,5.467,2.95513866313524,2.439762958392455,-3.4522,525.669865562645
2013-12,2013,Prima,5.6055,2.85968115579219,2.6694802213599766,-5.1427,536.6203231888851
2014-01,2014,Prima,5.72,3.06663136092894,2.574420648113751,-6.4413,532.0751362929623
2014-02,2014,Prima,6.4255,3.77632969464066,2.5527693195109613,-8.0456,531.04260962801
2014-03,2014,Prima,6.16490476190476,3.37792817164949,2.6959106644387054,-6.8356,537.8875079298482
2014-04,2014,Prima,5.951,3.52315457481135,2.345219709697055,-5.4903,521.1961568231164
2014-05,2014,Prima,5.64095238095238,3.55564442643562,2.013707669984277,-3.7866,505.66351345326444
2014-06,2014,Prima,5.37238095238095,3.44965289777902,1.8586123788175701,2.6345,498.4799006542556
2014-07,2014,Prima,5.177,3.33116382681631,1.7863305752341407,5.0288,495.1502793509001
2014-08,2014,Prima,5.19790476190476,2.68520888934139,2.4469891036314584,6.2964,526.012597930524
2014-09,2014,Prima,5.33545454545455,2.73826215785076,2.527969943284969,7.583,529.8611956201917
2014-10,2014,Prima,5.35995454545454,3.08804046928228,2.2038580477715453,4.1809,514.5433375398899
2014-11,2014,Prima,5.43935,3.15910225000358,2.210418373426992,5.4201,514.8511158769819
2014-12,2014,Prima,5.35971428571429,3.22406118871739,2.068948917919866,6.1866,508.23501410361973
2015-01,2015,Prima,5.2966,3.07326326860977,2.157045057937279,5.3602,512.3498403132179
2015-02,2015,Prima,5.2855,2.76858517072284,2.449109156359386,9.7245,526.1131723842927
2015-03,2015,Prima,5.52668181818182,3.02019928834408,2.433001049456651,7.8799,525.3492540529262
2015-04,2015,Prima,5.53809090909091,3.0174126785349,2.446846766013988,8.7094,526.0058458392325
2015-05,2015,Prima,5.9019,3.36620186894155,2.453121122002222,7.2856,526.303525042157
2015-06,2015,Prima,6.17166666666667,3.54491029740405,2.5368280891045147,5.0191,530.2830355577656
2015-07,2015,Prima,6.47165,3.56292547971011,2.80865426195378,3.6398,543.3096269479363
2015-08,2015,Prima,6.66319047619047,4.0426728422815,2.5186950337977354,1.3344,529.4196898676568
2015-09,2015,Prima,7.23577272727273,3.90455488298777,3.206036393723477,-3.7191,562.6346408366296
2015-10,2015,Prima,7.01072727272727,3.66020462128904,3.2322168991263167,0.2297,563.9194030037419
2015-11,2015,Prima,6.69261904761905,4.17256708018865,2.4191128605773216,1.1686,524.6910651586096
2015-12,2015,Prima,6.70786363636364,4.39792854166932,2.2126254102564413,0.4876,514.9546804229313
2016-01,2016,Prima,7.02015,4.60868784321291,2.3052216852212037,-2.6628,519.309330548523
2016-02,2016,Prima,7.34585714285714,4.47375701506678,2.749111556671746,-4.9146,540.4426991892481
2016-03,2016,Prima,7.139,4.30108051334928,2.720891742140208,-1.2314,539.0865752249948
2016-04,2016,Prima,6.54485714285714,3.9072132668403,2.5384607989083596,-1.6254,530.3608064152055
2016-05,2016,Prima,6.26581818181818,3.54061765756533,2.632011075369256,0.2421,534.82645760438
2016-06,2016,Prima,6.08436363636364,3.34161872071432,2.6540564678609435,0.6759,535.8815346831162
2016-07,2016,Prima,5.75652380952381,2.96195894036733,2.7141722029346838,3.2868,538.7639130190637
2016-08,2016,Prima,5.63617391304348,2.94253095758978,2.6166472986402622,7.3479,534.0917736243213
2016-09,2016,Prima,5.79354545454546,3.12667111206595,2.586018062758444,12.4819,532.628617940379
2016-10,2016,Prima,5.77085714285714,3.40528775471299,2.287667719426034,10.2416,518.4823581609311
2016-11,2016,Prima,6.30986363636364,3.34963245522741,2.8642880587104402,5.9733,545.9951430124793
2016-12,2016,Prima,6.44685714285714,3.23488195037019,3.11132742325515,6.7272,557.9988542222184
2017-01,2017,Prima,6.35095454545454,3.09636415923956,3.15684303006849,10.0911,560.2244101168504
2017-02,2017,Prima,6.26035,3.24979324559658,2.9157993055175746,9.299,548.4874960428987
2017-03,2017,Prima,6.09739130434783,3.97485445147011,2.041394396823537,6.0428,506.9514984339011
2017-04,2017,Prima,5.87055555555556,3.69471572141791,2.0983131290732038,6.35,509.60466999065045
2017-05,2017,Prima,5.71772727272727,3.03980253604198,2.5989226209440552,7.453,533.2448220089841
2017-06,2017,Prima,5.57905,2.73244391775147,2.7708929854015407,8.7785,541.4905812143817
2017-07,2017,Prima,5.65947368421053,2.85206926625983,2.729555601533895,6.946,539.5027428585743
2017-08,2017,Prima,5.46204347826087,3.1738100701898,2.2178432748721555,4.9581,515.1995695853369
2017-09,2017,Prima,5.34190476190476,2.94499513550225,2.328340123040995,6.0227,520.3994714771079
2017-10,2017,Prima,5.26331818181818,2.04014312278334,3.1587323972649184,8.5635,560.3168868747194
2017-11,2017,Prima,5.2997619047619,1.5443382320383,3.698309268747302,10.5511,587.0275433227498
2017-12,2017,Prima,5.24947368421053,1.36485588371446,3.8323122611178873,10.6538,593.7526778849189
2018-01,2018,Prima,4.81809523809524,1.25318836941743,3.5207848030142097,14.0974,578.1739152360972
2018-02,2018,Prima,4.7945,1.17956124835664,3.572795441136667,13.7605,580.7612170398432
2018-03,2018,Prima,4.845,0.363136029353744,4.465647595283828,13.3966,626.0170245408121
2018-04,2018,Prima,5.0242,0.48486988623302,4.517426473165864,11.6047,628.689186053351
2018-05,2018,Prima,5.47227272727273,0.930692513230167,4.4997018260300115,8.1316,627.7738914211625
2018-06,2018,Prima,5.6626,1.42933403390647,4.173611121885523,5.4291,611.0423462482634
2018-07,2018,Prima,5.48476190476191,1.61610098729974,3.807133790683115,5.3264,592.4863171687239
2018-08,2018,Prima,5.4252380952381,1.07057542660273,4.308536535242835,5.5652,617.9404095532612
2018-09,2018,Prima,5.5175,1.28028100935954,4.183656431846683,3.3691,611.5546934971261
2018-10,2018,Prima,5.73181818181818,1.84089384430844,3.820591307317156,-1.0007,593.163010598492
2018-11,2018,Prima,5.727,2.16709746401055,3.484392357572297,-1.7549,576.3668224474196
2018-12,2018,Prima,5.74363157894737,2.1925231538682,3.4749199995114832,-3.0145,575.8969085356191
2019-01,2019,Prima,5.58772727272727,2.12915785051415,3.3864662110260513,-4.7104,571.5176595904503
2019-02,2019,Prima,5.4945,2.00338485500231,3.422548330097386,-2.1251,573.3021116383077
2019-03,2019,Prima,5.29923809523809,2.24744059848037,2.984717738551468,-1.0198,551.8308395150566
2019-04,2019,Prima,5.2158,2.59264472909832,2.5568648491597568,0.8083,531.2378433528934
2019-05,2019,Prima,5.13735454545455,2.72512754617208,2.348234611048028,0.5645,521.3385198542314
2019-06,2019,Prima,4.81719,2.29478053967056,2.4658242063007707,3.2182,526.9064681520821
2019-07,2019,Prima,4.4401,2.11191328006436,2.2800343712589655,5.1346,518.1229586178349
2019-08,2019,Prima,4.228985,2.03972339384534,2.14549935391799,4.1881,511.8095873568194
2019-09,2019,Prima,4.15212380952381,1.85100693723761,2.259297125755655,5.556,517.147232810458
2019-10,2019,Prima,4.07454285714286,1.88056226356924,2.1534830048323794,8.1912,512.1831315244373
2019-11,2019,Prima,4.23969,1.86679694871124,2.3294077386996737,9.1454,520.4498425960754
2019-12,2019,Prima,4.3559380952381,1.90009157916248,2.4100532963385657,10.9687,524.2619396171583
2020-01,2020,Prima,4.50230909090909,1.88835605229068,2.5655071294671705,10.8083,531.6499388864607
2020-02,2020,Prima,4.258095,1.90403776113918,2.310072584541434,8.9721,519.5379762870414
2020-03,2020,Prima,5.08725909090909,1.82153296943842,3.2073040212927006,-3.5305,562.6968146940715
2020-04,2020,Prima,5.0255,1.72448975655499,3.245049693878932,-7.622,564.5496683087002
2020-05,2020,Prima,4.4295,1.7819197522911,2.601228444258452,-3.1189,533.3549647584366
2020-06,2020,Prima,4.39,1.59873239164688,2.747344915282257,0.0002,540.3577521638347
2020-07,2020,Prima,4.24045454545455,1.8616957242678,2.33528295820431,-0.1897,520.727085419094
2020-08,2020,Prima,4.06714285714286,1.68739824186658,2.340255190339313,2.5509,520.9617763105123
2020-09,2020,Prima,4.18681818181818,1.81955390705632,2.3249603675564723,1.3842,520.240027771772
2020-10,2020,Prima,4.20545454545454,1.72400036113651,2.439398937820436,1.2964,525.6526032433096
2020-11,2020,Prima,4.01450476190476,2.14220969430481,1.833027769032447,3.3162,497.30002678346455
2020-12,2020,Prima,3.63264285714286,1.97323222946074,1.627300215362526,6.785,487.86580667381554
2021-01,2021,Prima,3.658,2.67554538350913,0.956853565102822,7.7816,457.78645316684697
2021-02,2021,Prima,3.9115,2.4013422122209,1.4747441343584855,9.3017,480.931406539739
2021-03,2021,Prima,4.68608695652174,2.59818523324116,2.035027928158817,19.3459,506.6551806951699
2021-04,2021,Prima,5.09,2.38369772363027,2.6432941342624527,21.8846,535.3663269090055
2021-05,2021,Prima,4.99,2.44745902560864,2.481799937815743,18.3278,527.6652403578025
2021-06,2021,Prima,5.27323809523809,3.25460667105263,1.955003741979655,13.4621,502.9382207310418
2021-07,2021,Prima,5.6647,3.81459906516264,1.7821201945557474,9.0981,494.95669010556827
2021-08,2021,Prima,6.35523809523809,4.95280459648037,1.3362515695981125,4.3911,474.6819424132847
2021-09,2021,Prima,6.34227272727273,5.22957455422953,1.0574006193190266,6.13,462.23178736428923
2021-10,2021,Prima,5.9495,5.82600992647617,0.11669160881113694,6.1717,421.5653574259451
2021-11,2021,Prima,5.86571428571429,5.65514784662318,0.19929595801313482,4.9557,425.0527153114233
2021-12,2021,Prima,5.92563636363636,6.43038716340725,-0.47425440536631447,-0.0754,397.094225697736
2022-01,2022,Prima,6.07457142857143,5.68491659367423,0.3686948407172652,-2.4594,432.2550689998321
2022-02,2022,Prima,6.071,6.1470442223465,-0.07164045207628256,-5.1861,413.675358598705
2022-03,2022,Prima,6.59782608695652,6.82408900736014,-0.211808893018528,-5.3916,407.85834229529746
2022-04,2022,Prima,7.37315789473684,7.96465277256915,-0.5478597509856353,-7.3143,394.10528435953654
2022-05,2022,Prima,7.92363636363636,8.09113893196794,-0.15496419964360353,-12.4124,410.21171297435643
2022-06,2022,Prima,7.858,8.81263294388897,-0.877318118367032,-14.5448,380.8884911682754
2022-07,2022,Prima,8.21631578947368,8.74083491516008,-0.48235708884858397,-14.6926,396.7645502878338
2022-08,2022,Prima,7.90872727272727,8.39798830340194,-0.45135619058285226,-11.4387,398.0267507558651
2022-09,2022,Prima,8.30590909090909,8.52985253634929,-0.20634271604228482,-15.2986,408.08430396610396
2022-10,2022,Prima,8.64571428571429,8.27519462737062,0.34220179388160243,-16.1372,431.12417191697557
2022-11,2022,Prima,7.86476190476191,8.44722980234022,-0.5370979956241806,-15.0104,394.54147269614526
2022-12,2022,Prima,7.8615,8.45916200000001,-0.5510479603373697,-14.2715,393.97611602560636
2023-01,2023,Prima,7.95952380952381,8.66426700097408,-0.6485510010792894,-11.808,390.0377839232235
2023-02,2023,Prima,7.87935,8.64592356025242,-0.705570476215156,-12.5095,387.7453919618548
2023-03,2023,Prima,7.71669565217391,8.40057400933134,-0.63088075262272,-9.7663,390.74980137590313
2023-04,2023,Prima,7.48888888888889,7.9650458305066,-0.44102879589865696,-6.2607,398.44774784453773
2023-05,2023,Prima,7.275,7.89388564823743,-0.5736058577546777,-4.7641,393.06290282137314
2023-06,2023,Prima,7.07380952380952,6.46149699198863,0.5751492784916934,1.2771,441.1246805009883
2023-07,2023,Prima,6.7555,5.88160145590039,0.8253544828216386,2.5444,452.0080353858709
2023-08,2023,Prima,6.84409090909091,5.57614720330122,1.2009755417083934,3.8816,468.6198537855744
2023-09,2023,Prima,6.96857142857143,5.04454594794186,1.8316281566708836,4.8715,497.2355236013476
2023-10,2023,Prima,7.62454545454545,4.34308132283159,3.144879459291783,2.4421,559.6390149041947
2023-11,2023,Prima,7.17190476190476,3.63647512169549,3.411375807656314,0.6055,572.749286035493
2023-12,2023,Prima,6.86847368421053,3.23738256432406,3.5172250881351452,6.8746,577.997036048714
2024-01,2024,Prima,6.67952380952381,3.02392174826855,3.5483041212384103,5.7846,579.5421963707361
2024-02,2024,Prima,6.75380952380952,3.29406696032184,3.3494107312249444,8.1456,569.6878499761883
2024-03,2024,Prima,7.00578947368421,3.04504592593905,3.8437010844673214,5.5289,594.3258986283435
2024-04,2024,Prima,7.38204545454545,2.42207617792805,4.84267597544199,4.9692,645.5904032582821
2024-05,2024,Prima,7.09540909090909,2.00493835958688,4.99041596729104,7.193,653.3328164502897
2024-06,2024,Prima,7.08842105263158,2.28538225698791,4.695723562508891,5.8553,637.929539232112
2024-07,2024,Prima,6.9725,2.1276637869709,4.743901929583938,3.5988,640.4367018438958
2024-08,2024,Prima,6.5835,2.03409700303861,4.458708540171541,3.5429,625.6593085120741
2024-09,2024,Prima,6.36185714285714,1.77501053596859,4.506849552491565,6.8582,628.1429255007585
2024-10,2024,Prima,6.52246818181818,2.00918040984485,4.424393720094777,7.075,623.8916957209349
2024-11,2024,Prima,6.669,2.27199072148831,4.299328924266077,6.2446,617.4685481503996
2024-12,2024,Prima,6.62515789473684,1.96630270142824,4.569014537038174,1.97,631.356577895845
2025-01,2025,Prima,6.69,1.85158283440667,4.750458491607112,-0.6581,640.7782364811031
2025-02,2025,Prima,6.4725,1.4773290589483,4.922450154506919,-2.5367,649.7660081689404
2025-03,2025,Prima,6.4852380952381,1.27718026977924,5.1423803581278404,-1.9212,661.3385021649415
2025-04,2025,Prima,6.604,1.65183401740204,4.871693689019141,-1.532,647.1079058629163
2025-05,2025,Prima,6.48666666666667,1.68666289219268,4.720386762581552,-2.2377,639.2124476213136
2025-06,2025,Prima,6.41190476190476,1.69370904576716,4.639614151563887,-0.8262,635.0151537545343
2025-07,2025,Prima,6.18745,1.6888009685144,4.423937531605371,1.2901,623.8682118934797
2025-08,2025,Prima,6.01696,1.10633077531991,4.856895890715851,3.7808,646.3338486559736
2025-09,2025,Prima,6.12590909090909,1.35839342135424,4.703621978039774,4.5934,638.3402675939587
2025-10,2025,Prima,6.10583636363637,1.35177475650182,4.690654523372895,4.0101,637.6660040868566
2025-11,2025,Prima,6.00445,1.36861256988846,4.573247391459945,3.5339,631.575664596137
2025-12,2025,Prima,5.82715789473684,1.50879973918667,4.254171231110626,8.1046,615.1567325361268
2010-01,2010,Profuturo,5.75655,0.435718739101945,5.297747980197931,30.9756,669.5668900732202
2010-02,2010,Profuturo,6.09765,0.835043257655835,5.219025620782491,26.7568,665.3922397977386
2010-03,2010,Profuturo,6.0925652173913,0.755260569305348,5.297296258208406,28.7267,669.5429034036719
2010-04,2010,Profuturo,5.9814,0.76165337907765,5.180290761292916,23.5886,663.3422370108256
2010-05,2010,Profuturo,6.16133333333333,1.04478015205456,5.063649179679808,15.7399,657.1855655234897
2010-06,2010,Profuturo,6.3284,1.64340671777881,4.609244646068822,11.9201,633.4402052536185
2010-07,2010,Profuturo,6.00815789473684,1.82325129296416,4.109971493379172,13.0753,607.8010728929477
2010-08,2010,Profuturo,5.6217619047619,2.30885508267747,3.23814279751955,12.8565,564.2104031008042
2010-09,2010,Profuturo,5.73390909090909,2.36535673314101,3.290715204118966,12.0727,566.7952299378175
2010-10,2010,Profuturo,5.49245,2.0950876960611,3.327645218399633,14.9059,568.6143789886795
2010-11,2010,Profuturo,5.70457142857143,2.21771157289207,3.4112090771987846,16.0711,572.7410380113749
2010-12,2010,Profuturo,5.89795,2.07644423190308,3.7437685029613865,17.1032,589.304946490308
2011-01,2011,Profuturo,5.84628571428571,2.17264229393742,3.5955255123770957,15.4354,581.8936626248199
2011-02,2011,Profuturo,6.01595,2.23355858855512,3.6997552111702747,18.5602,587.0999177468045
2011-03,2011,Profuturo,6.35333612040134,2.66342558533546,3.594182167629678,13.295,581.8267061041295
2011-04,2011,Profuturo,6.94410092633545,3.33627077586349,3.4913492846063043,6.0735,576.7120649787062
2011-05,2011,Profuturo,6.72250202228567,3.06661988654443,3.5471058813858924,10.2208,579.4825869338767
2011-06,2011,Profuturo,6.45763825900731,2.91065322504482,3.446664580202352,8.6738,574.4962744264232
2011-07,2011,Profuturo,6.23626241920591,3.35053580984407,2.792173825466482,8.3607,542.5153547391635
2011-08,2011,Profuturo,5.92853521749067,3.34775576236666,2.4971799688211282,3.2788,528.3962403765286
2011-09,2011,Profuturo,5.62017803787122,3.72632873848609,1.8258134867183973,-0.8,496.9675928281465
2011-10,2011,Profuturo,5.72483222108669,4.20058635305765,1.4627997033188622,-8.7104,480.39069802196786
2011-11,2011,Profuturo,5.66734322961868,4.64185930799761,0.9799939798496027,-8.9217,458.8074541466436
2011-12,2011,Profuturo,5.6953293398377,4.73842084248362,0.9136174573351363,-10.1884,455.8821147660828
2012-01,2012,Profuturo,5.6877609398031,4.22536434603765,1.403110080680725,-6.4356,477.6934809587005
2012-02,2012,Profuturo,5.55203643226112,4.16575394297844,1.3308428507526004,-2.1002,474.4387603550535
2012-03,2012,Profuturo,5.40746192764249,4.23148743233747,1.1282334391211846,-0.0985,465.3774194214023
2012-04,2012,Profuturo,5.31709184145608,4.07684685836829,1.1916627189672235,2.9032,468.20406226771644
2012-05,2012,Profuturo,5.1611689535073,4.14239616822717,0.978249802927933,-0.1181,458.7304544094245
2012-06,2012,Profuturo,5.14383563093637,4.00107094984338,1.0988008783525904,1.7908,464.06893816189427
2012-07,2012,Profuturo,5.02354166666667,3.27611476932365,1.6919951929311505,1.3213,490.82234715120444
2012-08,2012,Profuturo,4.85419437482595,3.52598073623202,1.2829761468070577,2.3252,472.2895301495594
2012-09,2012,Profuturo,4.67659618205868,3.74113621145945,0.9017252025199207,4.3946,455.3590794985138
2012-10,2012,Profuturo,4.55363674242424,3.24663026597157,1.2659071517256537,7.7935,471.5243930911867
2012-11,2012,Profuturo,4.45981283452211,2.66179188790001,1.751402263254298,6.7796,493.5455092482584
2012-12,2012,Profuturo,4.16331561657297,2.64936888071586,1.4748719377090547,8.4239,480.93719377682424
2013-01,2013,Profuturo,4.06750469795356,2.87207608956733,1.1620535463340076,8.0445,466.8834179415484
2013-02,2013,Profuturo,4.15190764118355,2.44956221835028,1.6616424570024657,4.6307,489.43406459825326
2013-03,2013,Profuturo,4.14838614187719,2.59182460056487,1.5172374088994856,4.1941,482.85764165647635
2013-04,2013,Profuturo,4.05634051937754,2.3069499256289,1.7099430635165502,3.6098,491.6442256380214
2013-05,2013,Profuturo,4.20181818181818,2.46477298011905,1.6952608698368676,6.0077,490.9718369641294
2013-06,2013,Profuturo,5.31946716260051,2.77073543850851,2.4800170138093325,1.5729,527.5805325072355
2013-07,2013,Profuturo,5.26015228899572,3.24112353098976,1.9556439226466882,-0.204,502.9678995330397
2013-08,2013,Profuturo,5.46271259667266,3.27656563830685,2.116788978074746,-0.0731,510.4674257412935
2013-09,2013,Profuturo,5.60047619047619,2.8308406237713,2.6933899887468415,-1.5524,537.7665919386089
2013-10,2013,Profuturo,5.31727272727273,3.0384821880728,2.2115917187527367,-1.4705,514.9061734288215
2013-11,2013,Profuturo,5.467,2.95513866313524,2.439762958392455,-0.5922,525.669865562645
2013-12,2013,Profuturo,5.6055,2.85968115579219,2.6694802213599766,-1.9387,536.6203231888851
2014-01,2014,Profuturo,5.72,3.06663136092894,2.574420648113751,-3.6914,532.0751362929623
2014-02,2014,Profuturo,6.4255,3.77632969464066,2.5527693195109613,-5.8218,531.04260962801
2014-03,2014,Profuturo,6.16490476190476,3.37792817164949,2.6959106644387054,-4.9451,537.8875079298482
2014-04,2014,Profuturo,5.951,3.52315457481135,2.345219709697055,-4.5428,521.1961568231164
2014-05,2014,Profuturo,5.64095238095238,3.55564442643562,2.013707669984277,-3.8397,505.66351345326444
2014-06,2014,Profuturo,5.37238095238095,3.44965289777902,1.8586123788175701,2.2031,498.4799006542556
2014-07,2014,Profuturo,5.177,3.33116382681631,1.7863305752341407,3.626,495.1502793509001
2014-08,2014,Profuturo,5.19790476190476,2.68520888934139,2.4469891036314584,4.3429,526.012597930524
2014-09,2014,Profuturo,5.33545454545455,2.73826215785076,2.527969943284969,5.421,529.8611956201917
2014-10,2014,Profuturo,5.35995454545454,3.08804046928228,2.2038580477715453,3.0673,514.5433375398899
2014-11,2014,Profuturo,5.43935,3.15910225000358,2.210418373426992,4.0676,514.8511158769819
2014-12,2014,Profuturo,5.35971428571429,3.22406118871739,2.068948917919866,4.8482,508.23501410361973
2015-01,2015,Profuturo,5.2966,3.07326326860977,2.157045057937279,4.485,512.3498403132179
2015-02,2015,Profuturo,5.2855,2.76858517072284,2.449109156359386,9.2512,526.1131723842927
2015-03,2015,Profuturo,5.52668181818182,3.02019928834408,2.433001049456651,8.169,525.3492540529262
2015-04,2015,Profuturo,5.53809090909091,3.0174126785349,2.446846766013988,9.6494,526.0058458392325
2015-05,2015,Profuturo,5.9019,3.36620186894155,2.453121122002222,8.7989,526.303525042157
2015-06,2015,Profuturo,6.17166666666667,3.54491029740405,2.5368280891045147,6.5632,530.2830355577656
2015-07,2015,Profuturo,6.47165,3.56292547971011,2.80865426195378,5.4341,543.3096269479363
2015-08,2015,Profuturo,6.66319047619047,4.0426728422815,2.5186950337977354,3.781,529.4196898676568
2015-09,2015,Profuturo,7.23577272727273,3.90455488298777,3.206036393723477,-1.6791,562.6346408366296
2015-10,2015,Profuturo,7.01072727272727,3.66020462128904,3.2322168991263167,1.596,563.9194030037419
2015-11,2015,Profuturo,6.69261904761905,4.17256708018865,2.4191128605773216,2.7542,524.6910651586096
2015-12,2015,Profuturo,6.70786363636364,4.39792854166932,2.2126254102564413,1.8451,514.9546804229313
2016-01,2016,Profuturo,7.02015,4.60868784321291,2.3052216852212037,-1.3772,519.309330548523
2016-02,2016,Profuturo,7.34585714285714,4.47375701506678,2.749111556671746,-3.8161,540.4426991892481
2016-03,2016,Profuturo,7.139,4.30108051334928,2.720891742140208,-1.7701,539.0865752249948
2016-04,2016,Profuturo,6.54485714285714,3.9072132668403,2.5384607989083596,-2.3147,530.3608064152055
2016-05,2016,Profuturo,6.26581818181818,3.54061765756533,2.632011075369256,-1.0266,534.82645760438
2016-06,2016,Profuturo,6.08436363636364,3.34161872071432,2.6540564678609435,-0.8084,535.8815346831162
2016-07,2016,Profuturo,5.75652380952381,2.96195894036733,2.7141722029346838,1.675,538.7639130190637
2016-08,2016,Profuturo,5.63617391304348,2.94253095758978,2.6166472986402622,5.4429,534.0917736243213
2016-09,2016,Profuturo,5.79354545454546,3.12667111206595,2.586018062758444,10.7121,532.628617940379
2016-10,2016,Profuturo,5.77085714285714,3.40528775471299,2.287667719426034,8.8304,518.4823581609311
2016-11,2016,Profuturo,6.30986363636364,3.34963245522741,2.8642880587104402,4.4127,545.9951430124793
2016-12,2016,Profuturo,6.44685714285714,3.23488195037019,3.11132742325515,5.6856,557.9988542222184
2017-01,2017,Profuturo,6.35095454545454,3.09636415923956,3.15684303006849,8.8196,560.2244101168504
2017-02,2017,Profuturo,6.26035,3.24979324559658,2.9157993055175746,7.8258,548.4874960428987
2017-03,2017,Profuturo,6.09739130434783,3.97485445147011,2.041394396823537,5.5268,506.9514984339011
2017-04,2017,Profuturo,5.87055555555556,3.69471572141791,2.0983131290732038,5.82,509.60466999065045
2017-05,2017,Profuturo,5.71772727272727,3.03980253604198,2.5989226209440552,7.6379,533.2448220089841
2017-06,2017,Profuturo,5.57905,2.73244391775147,2.7708929854015407,8.9449,541.4905812143817
2017-07,2017,Profuturo,5.65947368421053,2.85206926625983,2.729555601533895,7.0169,539.5027428585743
2017-08,2017,Profuturo,5.46204347826087,3.1738100701898,2.2178432748721555,4.9942,515.1995695853369
2017-09,2017,Profuturo,5.34190476190476,2.94499513550225,2.328340123040995,5.967,520.3994714771079
2017-10,2017,Profuturo,5.26331818181818,2.04014312278334,3.1587323972649184,8.1452,560.3168868747194
2017-11,2017,Profuturo,5.2997619047619,1.5443382320383,3.698309268747302,9.7841,587.0275433227498
2017-12,2017,Profuturo,5.24947368421053,1.36485588371446,3.8323122611178873,9.1628,593.7526778849189
2018-01,2018,Profuturo,4.81809523809524,1.25318836941743,3.5207848030142097,12.5768,578.1739152360972
2018-02,2018,Profuturo,4.7945,1.17956124835664,3.572795441136667,12.5043,580.7612170398432
2018-03,2018,Profuturo,4.845,0.363136029353744,4.465647595283828,12.6193,626.0170245408121
2018-04,2018,Profuturo,5.0242,0.48486988623302,4.517426473165864,10.8207,628.689186053351
2018-05,2018,Profuturo,5.47227272727273,0.930692513230167,4.4997018260300115,7.8946,627.7738914211625
2018-06,2018,Profuturo,5.6626,1.42933403390647,4.173611121885523,5.5749,611.0423462482634
2018-07,2018,Profuturo,5.48476190476191,1.61610098729974,3.807133790683115,5.4181,592.4863171687239
2018-08,2018,Profuturo,5.4252380952381,1.07057542660273,4.308536535242835,5.5721,617.9404095532612
2018-09,2018,Profuturo,5.5175,1.28028100935954,4.183656431846683,3.3784,611.5546934971261
2018-10,2018,Profuturo,5.73181818181818,1.84089384430844,3.820591307317156,-0.9379,593.163010598492
2018-11,2018,Profuturo,5.727,2.16709746401055,3.484392357572297,-1.8326,576.3668224474196
2018-12,2018,Profuturo,5.74363157894737,2.1925231538682,3.4749199995114832,-3.4205,575.8969085356191
2019-01,2019,Profuturo,5.58772727272727,2.12915785051415,3.3864662110260513,-4.929,571.5176595904503
2019-02,2019,Profuturo,5.4945,2.00338485500231,3.422548330097386,-2.4523,573.3021116383077
2019-03,2019,Profuturo,5.29923809523809,2.24744059848037,2.984717738551468,-1.6505,551.8308395150566
2019-04,2019,Profuturo,5.2158,2.59264472909832,2.5568648491597568,0.4531,531.2378433528934
2019-05,2019,Profuturo,5.13735454545455,2.72512754617208,2.348234611048028,-0.105,521.3385198542314
2019-06,2019,Profuturo,4.81719,2.29478053967056,2.4658242063007707,2.264,526.9064681520821
2019-07,2019,Profuturo,4.4401,2.11191328006436,2.2800343712589655,4.2872,518.1229586178349
2019-08,2019,Profuturo,4.228985,2.03972339384534,2.14549935391799,3.8488,511.8095873568194
2019-09,2019,Profuturo,4.15212380952381,1.85100693723761,2.259297125755655,5.2741,517.147232810458
2019-10,2019,Profuturo,4.07454285714286,1.88056226356924,2.1534830048323794,8.0687,512.1831315244373
2019-11,2019,Profuturo,4.23969,1.86679694871124,2.3294077386996737,9.1587,520.4498425960754
2019-12,2019,Profuturo,4.3559380952381,1.90009157916248,2.4100532963385657,10.8096,524.2619396171583
2020-01,2020,Profuturo,4.50230909090909,1.88835605229068,2.5655071294671705,10.8539,531.6499388864607
2020-02,2020,Profuturo,4.258095,1.90403776113918,2.310072584541434,9.5387,519.5379762870414
2020-03,2020,Profuturo,5.08725909090909,1.82153296943842,3.2073040212927006,-1.2874,562.6968146940715
2020-04,2020,Profuturo,5.0255,1.72448975655499,3.245049693878932,-5.3335,564.5496683087002
2020-05,2020,Profuturo,4.4295,1.7819197522911,2.601228444258452,-1.1438,533.3549647584366
2020-06,2020,Profuturo,4.39,1.59873239164688,2.747344915282257,1.7091,540.3577521638347
2020-07,2020,Profuturo,4.24045454545455,1.8616957242678,2.33528295820431,2.2926,520.727085419094
2020-08,2020,Profuturo,4.06714285714286,1.68739824186658,2.340255190339313,4.9589,520.9617763105123
2020-09,2020,Profuturo,4.18681818181818,1.81955390705632,2.3249603675564723,3.8195,520.240027771772
2020-10,2020,Profuturo,4.20545454545454,1.72400036113651,2.439398937820436,4.1429,525.6526032433096
2020-11,2020,Profuturo,4.01450476190476,2.14220969430481,1.833027769032447,5.7532,497.30002678346455
2020-12,2020,Profuturo,3.63264285714286,1.97323222946074,1.627300215362526,9.5744,487.86580667381554
2021-01,2021,Profuturo,3.658,2.67554538350913,0.956853565102822,10.4034,457.78645316684697
2021-02,2021,Profuturo,3.9115,2.4013422122209,1.4747441343584855,11.802,480.931406539739
2021-03,2021,Profuturo,4.68608695652174,2.59818523324116,2.035027928158817,20.608,506.6551806951699
2021-04,2021,Profuturo,5.09,2.38369772363027,2.6432941342624527,23.3155,535.3663269090055
2021-05,2021,Profuturo,4.99,2.44745902560864,2.481799937815743,20.2115,527.6652403578025
2021-06,2021,Profuturo,5.27323809523809,3.25460667105263,1.955003741979655,15.77,502.9382207310418
2021-07,2021,Profuturo,5.6647,3.81459906516264,1.7821201945557474,10.4647,494.95669010556827
2021-08,2021,Profuturo,6.35523809523809,4.95280459648037,1.3362515695981125,4.9764,474.6819424132847
2021-09,2021,Profuturo,6.34227272727273,5.22957455422953,1.0574006193190266,6.919,462.23178736428923
2021-10,2021,Profuturo,5.9495,5.82600992647617,0.11669160881113694,6.7747,421.5653574259451
2021-11,2021,Profuturo,5.86571428571429,5.65514784662318,0.19929595801313482,5.455,425.0527153114233
2021-12,2021,Profuturo,5.92563636363636,6.43038716340725,-0.47425440536631447,0.4823,397.094225697736
2022-01,2022,Profuturo,6.07457142857143,5.68491659367423,0.3686948407172652,-1.9442,432.2550689998321
2022-02,2022,Profuturo,6.071,6.1470442223465,-0.07164045207628256,-5.277,413.675358598705
2022-03,2022,Profuturo,6.59782608695652,6.82408900736014,-0.211808893018528,-5.1322,407.85834229529746
2022-04,2022,Profuturo,7.37315789473684,7.96465277256915,-0.5478597509856353,-7.3862,394.10528435953654
2022-05,2022,Profuturo,7.92363636363636,8.09113893196794,-0.15496419964360353,-13.5983,410.21171297435643
2022-06,2022,Profuturo,7.858,8.81263294388897,-0.877318118367032,-16.6084,380.8884911682754
2022-07,2022,Profuturo,8.21631578947368,8.74083491516008,-0.48235708884858397,-16.2838,396.7645502878338
2022-08,2022,Profuturo,7.90872727272727,8.39798830340194,-0.45135619058285226,-13.3764,398.0267507558651
2022-09,2022,Profuturo,8.30590909090909,8.52985253634929,-0.20634271604228482,-17.39,408.08430396610396
2022-10,2022,Profuturo,8.64571428571429,8.27519462737062,0.34220179388160243,-16.4497,431.12417191697557
2022-11,2022,Profuturo,7.86476190476191,8.44722980234022,-0.5370979956241806,-16.1924,394.54147269614526
2022-12,2022,Profuturo,7.8615,8.45916200000001,-0.5510479603373697,-16.4035,393.97611602560636
2023-01,2023,Profuturo,7.95952380952381,8.66426700097408,-0.6485510010792894,-13.5837,390.0377839232235
2023-02,2023,Profuturo,7.87935,8.64592356025242,-0.705570476215156,-14.476,387.7453919618548
2023-03,2023,Profuturo,7.71669565217391,8.40057400933134,-0.63088075262272,-13.3492,390.74980137590313
2023-04,2023,Profuturo,7.48888888888889,7.9650458305066,-0.44102879589865696,-10.5317,398.44774784453773
2023-05,2023,Profuturo,7.275,7.89388564823743,-0.5736058577546777,-8.0377,393.06290282137314
2023-06,2023,Profuturo,7.07380952380952,6.46149699198863,0.5751492784916934,-2.1869,441.1246805009883
2023-07,2023,Profuturo,6.7555,5.88160145590039,0.8253544828216386,-1.2015,452.0080353858709
2023-08,2023,Profuturo,6.84409090909091,5.57614720330122,1.2009755417083934,1.1468,468.6198537855744
2023-09,2023,Profuturo,6.96857142857143,5.04454594794186,1.8316281566708836,1.6624,497.2355236013476
2023-10,2023,Profuturo,7.62454545454545,4.34308132283159,3.144879459291783,-0.6705,559.6390149041947
2023-11,2023,Profuturo,7.17190476190476,3.63647512169549,3.411375807656314,-0.0379,572.749286035493
2023-12,2023,Profuturo,6.86847368421053,3.23738256432406,3.5172250881351452,6.5673,577.997036048714
2024-01,2024,Profuturo,6.67952380952381,3.02392174826855,3.5483041212384103,5.8396,579.5421963707361
2024-02,2024,Profuturo,6.75380952380952,3.29406696032184,3.3494107312249444,8.468,569.6878499761883
2024-03,2024,Profuturo,7.00578947368421,3.04504592593905,3.8437010844673214,7.0086,594.3258986283435
2024-04,2024,Profuturo,7.38204545454545,2.42207617792805,4.84267597544199,7.2788,645.5904032582821
2024-05,2024,Profuturo,7.09540909090909,2.00493835958688,4.99041596729104,9.3469,653.3328164502897
2024-06,2024,Profuturo,7.08842105263158,2.28538225698791,4.695723562508891,7.8983,637.929539232112
2024-07,2024,Profuturo,6.9725,2.1276637869709,4.743901929583938,4.864,640.4367018438958
2024-08,2024,Profuturo,6.5835,2.03409700303861,4.458708540171541,4.9211,625.6593085120741
2024-09,2024,Profuturo,6.36185714285714,1.77501053596859,4.506849552491565,7.1705,628.1429255007585
2024-10,2024,Profuturo,6.52246818181818,2.00918040984485,4.424393720094777,7.3481,623.8916957209349
2024-11,2024,Profuturo,6.669,2.27199072148831,4.299328924266077,5.1916,617.4685481503996
2024-12,2024,Profuturo,6.62515789473684,1.96630270142824,4.569014537038174,0.5695,631.356577895845
2025-01,2025,Profuturo,6.69,1.85158283440667,4.750458491607112,-1.1234,640.7782364811031
2025-02,2025,Profuturo,6.4725,1.4773290589483,4.922450154506919,-2.1525,649.7660081689404
2025-03,2025,Profuturo,6.4852380952381,1.27718026977924,5.1423803581278404,-1.0415,661.3385021649415
2025-04,2025,Profuturo,6.604,1.65183401740204,4.871693689019141,-0.4385,647.1079058629163
2025-05,2025,Profuturo,6.48666666666667,1.68666289219268,4.720386762581552,-0.1884,639.2124476213136
2025-06,2025,Profuturo,6.41190476190476,1.69370904576716,4.639614151563887,0.6026,635.0151537545343
2025-07,2025,Profuturo,6.18745,1.6888009685144,4.423937531605371,3.2709,623.8682118934797
2025-08,2025,Profuturo,6.01696,1.10633077531991,4.856895890715851,4.3619,646.3338486559736
2025-09,2025,Profuturo,6.12590909090909,1.35839342135424,4.703621978039774,6.1247,638.3402675939587
2025-10,2025,Profuturo,6.10583636363637,1.35177475650182,4.690654523372895,5.8561,637.6660040868566
2025-11,2025,Profuturo,6.00445,1.36861256988846,4.573247391459945,6.8306,631.575664596137
2025-12,2025,Profuturo,5.82715789473684,1.50879973918667,4.254171231110626,10.9788,615.1567325361268
